{"stats":{"minecraft:custom":{"minecraft:time_since_rest":10527,"minecraft:play_time":10527,"minecraft:crouch_one_cm":928,"minecraft:sprint_one_cm":16556,"minecraft:walk_one_cm":19003,"minecraft:sneak_time":370,"minecraft:walk_under_water_one_cm":6164,"minecraft:mob_kills":2,"minecraft:jump":91,"minecraft:damage_dealt":338,"minecraft:time_since_death":10527,"minecraft:walk_on_water_one_cm":5676,"minecraft:total_world_time":10527,"minecraft:swim_one_cm":6918,"minecraft:fall_one_cm":2328,"minecraft:fly_one_cm":13740},"minecraft:killed":{"alexsmobs:catfish":1,"crittersandcompanions:koi_fish":1},"minecraft:mined":{"minecraft:grass":1,"minecraft:seagrass":2,"minecraft:grass_block":2,"minecraft:tall_seagrass":2,"minecraft:dirt":1,"minecraft:lily_of_the_valley":2,"minecraft:oak_leaves":3},"minecraft:used":{"minecraft:dirt":3,"minecraft:lily_of_the_valley":2,"alexsmobs:animal_dictionary":4},"minecraft:picked_up":{"alexsmobs:raw_catfish":2,"crittersandcompanions:koi_fish":1,"minecraft:lily_of_the_valley":2,"minecraft:dirt":3}},"DataVersion":3465}