{"stats":{"minecraft:killed_by":{"minecraft:player":1},"minecraft:custom":{"minecraft:time_since_rest":4555,"minecraft:sprint_one_cm":37974,"minecraft:damage_taken":240,"minecraft:walk_one_cm":52683,"minecraft:mob_kills":2,"minecraft:drop":1,"minecraft:damage_dealt":382,"minecraft:swim_one_cm":25067,"minecraft:fly_one_cm":54244,"minecraft:crouch_one_cm":2084,"minecraft:play_time":22238,"minecraft:deaths":1,"minecraft:sneak_time":668,"minecraft:walk_under_water_one_cm":8651,"minecraft:jump":382,"minecraft:leave_game":1,"minecraft:walk_on_water_one_cm":10540,"minecraft:time_since_death":4480,"minecraft:total_world_time":22238,"minecraft:fall_one_cm":11396,"minecraft:horse_one_cm":7801},"minecraft:killed":{"alexsmobs:catfish":1,"crittersandcompanions:koi_fish":1},"minecraft:mined":{"minecraft:seagrass":2,"minecraft:tall_seagrass":2,"regions_unexplored:stone_bud":3,"regions_unexplored:red_lupine":1,"minecraft:lily_of_the_valley":2,"regions_unexplored:sandy_grass":1,"minecraft:grass":2,"minecraft:grass_block":9,"minecraft:dirt":5,"regions_unexplored:maple_shrub":1,"minecraft:oak_leaves":3},"minecraft:used":{"regions_unexplored:maple_sapling":2,"regions_unexplored:red_lupine":1,"minecraft:dirt":15,"minecraft:lily_of_the_valley":2,"alexsmobs:animal_dictionary":4},"minecraft:crafted":{"regions_unexplored:maple_sapling":2},"minecraft:picked_up":{"regions_unexplored:red_lupine":1,"minecraft:lily_of_the_valley":2,"minecraft:dirt":15,"alexsmobs:raw_catfish":2,"minecraft:wheat_seeds":1,"regions_unexplored:maple_shrub":1,"crittersandcompanions:koi_fish":1},"minecraft:dropped":{"minecraft:wheat_seeds":1}},"DataVersion":3465}