{"stats":{"minecraft:killed_by":{"minecraft:player":1,"alexsmobs:crocodile":1},"minecraft:custom":{"minecraft:time_since_rest":5219,"minecraft:crouch_one_cm":2657,"minecraft:play_time":18510,"minecraft:sprint_one_cm":65675,"minecraft:walk_one_cm":27394,"minecraft:damage_taken":549,"minecraft:deaths":2,"minecraft:sneak_time":857,"minecraft:walk_under_water_one_cm":6995,"minecraft:jump":272,"minecraft:damage_dealt":77,"minecraft:time_since_death":5165,"minecraft:walk_on_water_one_cm":8908,"minecraft:total_world_time":18510,"minecraft:swim_one_cm":19063,"minecraft:player_kills":1,"minecraft:fall_one_cm":8205,"minecraft:fly_one_cm":49343,"minecraft:horse_one_cm":2759},"minecraft:mined":{"minecraft:grass_block":7,"regions_unexplored:spruce_shrub":1,"minecraft:dirt":2,"regions_unexplored:orange_maple_shrub":1,"minecraft:kelp_plant":1,"minecraft:birch_log":6,"minecraft:tall_grass":1,"regions_unexplored:orange_maple_leaf_pile":1,"minecraft:birch_leaves":1,"regions_unexplored:red_maple_leaf_pile":1,"regions_unexplored:cattail":3},"minecraft:used":{"minecraft:dirt":3,"regions_unexplored:cattail":3,"alexsmobs:animal_dictionary":1,"regions_unexplored:red_maple_leaf_pile":1,"regions_unexplored:orange_maple_leaf_pile":2},"minecraft:crafted":{"minecraft:birch_planks":24},"minecraft:picked_up":{"minecraft:birch_log":6,"regions_unexplored:cattail":3,"regions_unexplored:spruce_shrub":1,"regions_unexplored:orange_maple_shrub":1,"regions_unexplored:red_maple_leaf_pile":1,"minecraft:dirt":5,"alexsmobs:animal_dictionary":1,"regions_unexplored:orange_maple_leaf_pile":2}},"DataVersion":3465}