{"stats":{"minecraft:custom":{"minecraft:time_since_rest":19956,"minecraft:crouch_one_cm":382,"minecraft:sprint_one_cm":10380,"minecraft:play_time":19956,"minecraft:damage_taken":16,"minecraft:walk_one_cm":28031,"minecraft:sneak_time":203,"minecraft:walk_under_water_one_cm":3248,"minecraft:drop":1,"minecraft:jump":141,"minecraft:time_since_death":19956,"minecraft:leave_game":3,"minecraft:walk_on_water_one_cm":3815,"minecraft:total_world_time":19956,"minecraft:swim_one_cm":9018,"minecraft:fall_one_cm":1983,"minecraft:fly_one_cm":26008},"minecraft:mined":{"minecraft:grass":3,"minecraft:grass_block":1,"minecraft:oak_leaves":9},"minecraft:used":{"minecraft:dirt":1,"alexsmobs:animal_dictionary":16},"minecraft:picked_up":{"crittersandcompanions:koi_fish":1,"minecraft:dirt":1},"minecraft:dropped":{"crittersandcompanions:koi_fish":1}},"DataVersion":3465}