{"stats":{"minecraft:mined":{"minecraft:grass":4,"minecraft:oak_log":4,"minecraft:grass_block":1,"minecraft:oak_leaves":18,"regions_unexplored:red_maple_leaf_pile":1},"minecraft:dropped":{"minecraft:wheat_seeds":1,"crittersandcompanions:koi_fish":1},"minecraft:killed_by":{"alexsmobs:crocodile":1},"minecraft:crafted":{"minecraft:oak_planks":16},"minecraft:picked_up":{"minecraft:wheat_seeds":1,"minecraft:oak_log":4,"crittersandcompanions:koi_fish":1,"regions_unexplored:red_maple_leaf_pile":2,"minecraft:dirt":4},"minecraft:custom":{"minecraft:time_since_rest":10836,"minecraft:crouch_one_cm":488,"minecraft:play_time":38219,"minecraft:sprint_one_cm":29653,"minecraft:damage_taken":316,"minecraft:deaths":1,"minecraft:walk_one_cm":83506,"minecraft:sneak_time":270,"minecraft:walk_under_water_one_cm":5028,"minecraft:drop":2,"minecraft:jump":492,"minecraft:damage_dealt":20,"minecraft:leave_game":5,"minecraft:time_since_death":10773,"minecraft:walk_on_water_one_cm":9587,"minecraft:total_world_time":38219,"minecraft:swim_one_cm":19974,"minecraft:fall_one_cm":12528,"minecraft:fly_one_cm":78337,"minecraft:player_kills":1},"minecraft:used":{"minecraft:dirt":4,"alexsmobs:animal_dictionary":16,"regions_unexplored:red_maple_leaf_pile":2}},"DataVersion":3465}