{"stats":{"minecraft:killed_by":{"alexsmobs:crocodile":1},"minecraft:custom":{"minecraft:time_since_rest":5126,"minecraft:crouch_one_cm":488,"minecraft:sprint_one_cm":26422,"minecraft:play_time":32509,"minecraft:deaths":1,"minecraft:damage_taken":296,"minecraft:walk_one_cm":77790,"minecraft:sneak_time":270,"minecraft:walk_under_water_one_cm":5028,"minecraft:drop":2,"minecraft:jump":425,"minecraft:damage_dealt":20,"minecraft:time_since_death":5063,"minecraft:leave_game":4,"minecraft:walk_on_water_one_cm":9587,"minecraft:total_world_time":32509,"minecraft:swim_one_cm":19974,"minecraft:player_kills":1,"minecraft:fall_one_cm":10239,"minecraft:fly_one_cm":66486},"minecraft:mined":{"minecraft:grass":4,"minecraft:grass_block":1,"minecraft:oak_leaves":12,"regions_unexplored:red_maple_leaf_pile":1},"minecraft:used":{"minecraft:dirt":4,"alexsmobs:animal_dictionary":16,"regions_unexplored:red_maple_leaf_pile":2},"minecraft:picked_up":{"minecraft:wheat_seeds":1,"crittersandcompanions:koi_fish":1,"regions_unexplored:red_maple_leaf_pile":2,"minecraft:dirt":4},"minecraft:dropped":{"minecraft:wheat_seeds":1,"crittersandcompanions:koi_fish":1}},"DataVersion":3465}