{"stats":{"minecraft:killed_by":{"alexsmobs:crocodile":1},"minecraft:picked_up":{"minecraft:wheat_seeds":2,"minecraft:oak_log":4,"crittersandcompanions:koi_fish":1,"regions_unexplored:red_maple_leaf_pile":2,"minecraft:oak_sapling":1,"minecraft:dirt":4},"minecraft:used":{"minecraft:dirt":4,"alexsmobs:animal_dictionary":16,"regions_unexplored:red_maple_leaf_pile":2},"minecraft:mined":{"minecraft:grass":8,"minecraft:grass_block":1,"minecraft:oak_log":4,"minecraft:spruce_leaves":6,"minecraft:oak_leaves":29,"regions_unexplored:red_maple_leaf_pile":1},"minecraft:dropped":{"minecraft:wheat_seeds":1,"crittersandcompanions:koi_fish":1},"minecraft:custom":{"minecraft:time_since_rest":4036,"minecraft:damage_taken":476,"minecraft:crouch_one_cm":488,"minecraft:play_time":50257,"minecraft:sprint_one_cm":33190,"minecraft:walk_one_cm":91148,"minecraft:deaths":2,"minecraft:sneak_time":292,"minecraft:walk_under_water_one_cm":5028,"minecraft:drop":2,"minecraft:jump":540,"minecraft:damage_dealt":75,"minecraft:leave_game":7,"minecraft:time_since_death":4007,"minecraft:walk_on_water_one_cm":9587,"minecraft:total_world_time":50257,"minecraft:swim_one_cm":19974,"minecraft:fly_one_cm":84364,"minecraft:fall_one_cm":17502,"minecraft:player_kills":1},"minecraft:crafted":{"minecraft:oak_planks":16}},"DataVersion":3465}